state,date,type,code,,,,,,,,
Alabama,3/19/20,0,AL,1,,,,,,,
Alabama,3/20/20,0,AL,2,,,,,,,
Alabama,3/21/20,0,AL,3,,,,,,,
Alabama,3/22/20,0,AL,4,,,,,,,
Alabama,3/23/20,0,AL,5,,,,,,,
Alabama,3/24/20,0,AL,6,,,,,,,
Alabama,3/25/20,0,AL,7,,,,,,,
Alabama,3/26/20,0.5,AL,8,,,,,,,
Alabama,3/27/20,0.5,AL,9,,,,,,,
Alabama,3/28/20,0.5,AL,10,,,,,,1.25,0.75
Alabama,3/29/20,0.5,AL,11,,,,,,,
Alabama,3/30/20,0.5,AL,12,,,,,,,
Alabama,3/31/20,0.5,AL,13,,,,,,,
Alabama,4/1/20,0.5,AL,14,,,,,,,
Alabama,4/2/20,0.5,AL,15,,,,,,,
Alabama,4/3/20,0.5,AL,16,,,,,,,
Alabama,4/4/20,1,AL,17,,,,,,,
Alabama,4/5/20,1,AL,18,,,,,,,
Alabama,4/6/20,1,AL,19,,,,,,,
Alabama,4/7/20,1,AL,20,,,,,,,
Alabama,4/21/20,1,AL,21,,,,,,,
Alabama,4/24/20,1,AL,22,,,,,,,
Alabama,4/25/20,1,AL,23,,,,,,,
Alabama,4/26/20,1,AL,24,,,,,,,
Alabama,4/27/20,1,AL,25,,,,,,,
Alabama,4/28/20,1,AL,26,,,,,,,
Alabama,4/29/20,1,AL,27,,,,,,,
Alabama,4/30/20,0.55,AL,28,,,,,,,
Alabama,5/1/20,0.55,AL,29,,,,,,,
Alabama,5/2/20,0.55,AL,30,,,,,,,
Alabama,5/3/20,0.55,AL,31,,,,,,,
Alabama,5/4/20,0.55,AL,32,,,,,,,
Alaska,3/19/20,0,AK,,,,,,,,
Alaska,3/20/20,0,AK,,,,,,,,
Alaska,3/21/20,0,AK,,,,,,,,
Alaska,3/22/20,0,AK,,,,,,,,
Alaska,3/23/20,0,AK,,,,,,,,
Alaska,3/24/20,0,AK,,,,,,,,
Alaska,3/25/20,0,AK,,,,,,,,
Alaska,3/26/20,0,AK,,,,,,,,
Alaska,3/27/20,0,AK,,,,,,,,
Alaska,3/28/20,1,AK,,,,,,,,
Alaska,3/29/20,1,AK,,,,,,,,
Alaska,3/30/20,1,AK,,,,,,,,
Alaska,3/31/20,1,AK,,,,,,,,
Alaska,4/1/20,1,AK,,,,,,,,
Alaska,4/2/20,1,AK,,,,,,,,
Alaska,4/3/20,1,AK,,,,,,,,
Alaska,4/4/20,1,AK,,,,,,,,
Alaska,4/5/20,1,AK,,,,,,,,
Alaska,4/6/20,1,AK,,,,,,,,
Alaska,4/7/20,1,AK,,,,,,,,
Alaska,4/21/20,1,AK,,,,,,,,
Alaska,4/24/20,0.75,AK,,,,,,,,
Alaska,4/25/20,0.75,AK,,,,,,,,
Alaska,4/26/20,0.75,AK,,,,,,,,
Alaska,4/27/20,0.55,AK,,,,,,,,
Alaska,4/28/20,0.55,AK,,,,,,,,
Alaska,4/29/20,0.55,AK,,,,,,,,
Alaska,4/30/20,0.55,AK,,,,,,,,
Alaska,5/1/20,0.55,AK,,,,,,,,
Alaska,5/2/20,0.55,AK,,,,,,,,
Alaska,5/3/20,0.55,AK,,,,,,,,
Alaska,5/4/20,0.55,AK,,,,,,,,
Arizona,3/19/20,0,AZ,,,,,,,,
Arizona,3/20/20,0,AZ,,,,,,,,
Arizona,3/21/20,0,AZ,,,,,,,,
Arizona,3/22/20,0,AZ,,,,,,,,
Arizona,3/23/20,0,AZ,,,,,,,,
Arizona,3/24/20,0,AZ,,,,,,,,
Arizona,3/25/20,0,AZ,,,,,,,,
Arizona,3/26/20,0,AZ,,,,,,,,
Arizona,3/27/20,0,AZ,,,,,,,,
Arizona,3/28/20,0,AZ,,,,,,,,
Arizona,3/29/20,0,AZ,,,,,,,,
Arizona,3/30/20,0,AZ,,,,,,,,
Arizona,3/31/20,1,AZ,,,,,,,,
Arizona,4/1/20,1,AZ,,,,,,,,
Arizona,4/2/20,1,AZ,,,,,,,,
Arizona,4/3/20,1,AZ,,,,,,,,
Arizona,4/4/20,1,AZ,,,,,,,,
Arizona,4/5/20,1,AZ,,,,,,,,
Arizona,4/6/20,1,AZ,,,,,,,,
Arizona,4/7/20,1,AZ,,,,,,,,
Arizona,4/21/20,1,AZ,,,,,,,,
Arizona,4/24/20,1,AZ,,,,,,,,
Arizona,4/25/20,1,AZ,,,,,,,,
Arizona,4/26/20,1,AZ,,,,,,,,
Arizona,4/27/20,1,AZ,,,,,,,,
Arizona,4/28/20,1,AZ,,,,,,,,
Arizona,4/29/20,1,AZ,,,,,,,,
Arizona,4/30/20,1,AZ,,,,,,,,
Arizona,5/1/20,0.75,AZ,,,,,,,,
Arizona,5/2/20,0.75,AZ,,,,,,,,
Arizona,5/3/20,0.75,AZ,,,,,,,,
Arizona,5/4/20,0.75,AZ,,,,,,,,
Arkansas,3/19/20,0,AR,,,,,,,,
Arkansas,3/20/20,0,AR,,,,,,,,
Arkansas,3/21/20,0,AR,,,,,,,,
Arkansas,3/22/20,0,AR,,,,,,,,
Arkansas,3/23/20,0,AR,,,,,,,,
Arkansas,3/24/20,0,AR,,,,,,,,
Arkansas,3/25/20,0,AR,,,,,,,,
Arkansas,3/26/20,0,AR,,,,,,,,
Arkansas,3/27/20,0,AR,,,,,,,,
Arkansas,3/28/20,0,AR,,,,,,,,
Arkansas,3/29/20,0,AR,,,,,,,,
Arkansas,3/30/20,0,AR,,,,,,,,
Arkansas,3/31/20,0,AR,,,,,,,,
Arkansas,4/1/20,0,AR,,,,,,,,
Arkansas,4/2/20,0,AR,,,,,,,,
Arkansas,4/3/20,0,AR,,,,,,,,
Arkansas,4/4/20,0,AR,,,,,,,,
Arkansas,4/5/20,0,AR,,,,,,,,
Arkansas,4/6/20,0,AR,,,,,,,,
Arkansas,4/7/20,0,AR,,,,,,,,
Arkansas,4/21/20,0.55,AR,,,,,,,,
Arkansas,4/24/20,0.55,AR,,,,,,,,
Arkansas,4/25/20,0.55,AR,,,,,,,,
Arkansas,4/26/20,0.55,AR,,,,,,,,
Arkansas,4/27/20,0.55,AR,,,,,,,,
Arkansas,4/28/20,0.55,AR,,,,,,,,
Arkansas,4/29/20,0.55,AR,,,,,,,,
Arkansas,4/30/20,0.55,AR,,,,,,,,
Arkansas,5/1/20,0.55,AR,,,,,,,,
Arkansas,5/2/20,0.55,AR,,,,,,,,
Arkansas,5/3/20,0.55,AR,,,,,,,,
Arkansas,5/4/20,0.55,AR,,,,,,,,
California,3/19/20,1,CA,,,,,,,,
California,3/20/20,1,CA,,,,,,,,
California,3/21/20,1,CA,,,,,,,,
California,3/22/20,1,CA,,,,,,,,
California,3/23/20,1,CA,,,,,,,,
California,3/24/20,1,CA,,,,,,,,
California,3/25/20,1,CA,,,,,,,,
California,3/26/20,1,CA,,,,,,,,
California,3/27/20,1,CA,,,,,,,,
California,3/28/20,1,CA,,,,,,,,
California,3/29/20,1,CA,,,,,,,,
California,3/30/20,1,CA,,,,,,,,
California,3/31/20,1,CA,,,,,,,,
California,4/1/20,1,CA,,,,,,,,
California,4/2/20,1,CA,,,,,,,,
California,4/3/20,1,CA,,,,,,,,
California,4/4/20,1,CA,,,,,,,,
California,4/5/20,1,CA,,,,,,,,
California,4/6/20,1,CA,,,,,,,,
California,4/7/20,1,CA,,,,,,,,
California,4/21/20,1,CA,,,,,,,,
California,4/24/20,1,CA,,,,,,,,
California,4/25/20,1,CA,,,,,,,,
California,4/26/20,1,CA,,,,,,,,
California,4/27/20,1,CA,,,,,,,,
California,4/28/20,1,CA,,,,,,,,
California,4/29/20,1,CA,,,,,,,,
California,4/30/20,1,CA,,,,,,,,
California,5/1/20,1,CA,,,,,,,,
California,5/2/20,1,CA,,,,,,,,
California,5/3/20,1,CA,,,,,,,,
California,5/4/20,1,CA,,,,,,,,
Colorado,3/19/20,0,CO,,,,,,,,
Colorado,3/20/20,0,CO,,,,,,,,
Colorado,3/21/20,0,CO,,,,,,,,
Colorado,3/22/20,0,CO,,,,,,,,
Colorado,3/23/20,0.5,CO,,,,,,,,
Colorado,3/24/20,0.5,CO,,,,,,,,
Colorado,3/25/20,0.5,CO,,,,,,,,
Colorado,3/26/20,1,CO,,,,,,,,
Colorado,3/27/20,1,CO,,,,,,,,
Colorado,3/28/20,1,CO,,,,,,,,
Colorado,3/29/20,1,CO,,,,,,,,
Colorado,3/30/20,1,CO,,,,,,,,
Colorado,3/31/20,1,CO,,,,,,,,
Colorado,4/1/20,1,CO,,,,,,,,
Colorado,4/2/20,1,CO,,,,,,,,
Colorado,4/3/20,1,CO,,,,,,,,
Colorado,4/4/20,1,CO,,,,,,,,
Colorado,4/5/20,1,CO,,,,,,,,
Colorado,4/6/20,1,CO,,,,,,,,
Colorado,4/7/20,1,CO,,,,,,,,
Colorado,4/21/20,1,CO,,,,,,,,
Colorado,4/24/20,1,CO,,,,,,,,
Colorado,4/25/20,1,CO,,,,,,,,
Colorado,4/26/20,1,CO,,,,,,,,
Colorado,4/27/20,0.75,CO,,,,,,,,
Colorado,4/28/20,0.75,CO,,,,,,,,
Colorado,4/29/20,0.75,CO,,,,,,,,
Colorado,4/30/20,0.75,CO,,,,,,,,
Colorado,5/1/20,0.55,CO,,,,,,,,
Colorado,5/2/20,0.55,CO,,,,,,,,
Colorado,5/3/20,0.55,CO,,,,,,,,
Colorado,5/4/20,0.55,CO,,,,,,,,
Connecticut,3/19/20,0,CT,,,,,,,,
Connecticut,3/20/20,0,CT,,,,,,,,
Connecticut,3/21/20,0,CT,,,,,,,,
Connecticut,3/22/20,0,CT,,,,,,,,
Connecticut,3/23/20,1,CT,,,,,,,,
Connecticut,3/24/20,1,CT,,,,,,,,
Connecticut,3/25/20,1,CT,,,,,,,,
Connecticut,3/26/20,1,CT,,,,,,,,
Connecticut,3/27/20,1,CT,,,,,,,,
Connecticut,3/28/20,1,CT,,,,,,,,
Connecticut,3/29/20,1,CT,,,,,,,,
Connecticut,3/30/20,1,CT,,,,,,,,
Connecticut,3/31/20,1,CT,,,,,,,,
Connecticut,4/1/20,1,CT,,,,,,,,
Connecticut,4/2/20,1,CT,,,,,,,,
Connecticut,4/3/20,1,CT,,,,,,,,
Connecticut,4/4/20,1,CT,,,,,,,,
Connecticut,4/5/20,1,CT,,,,,,,,
Connecticut,4/6/20,1,CT,,,,,,,,
Connecticut,4/7/20,1,CT,,,,,,,,
Connecticut,4/21/20,1,CT,,,,,,,,
Connecticut,4/24/20,1,CT,,,,,,,,
Connecticut,4/25/20,1,CT,,,,,,,,
Connecticut,4/26/20,1,CT,,,,,,,,
Connecticut,4/27/20,1,CT,,,,,,,,
Connecticut,4/28/20,1,CT,,,,,,,,
Connecticut,4/29/20,1,CT,,,,,,,,
Connecticut,4/30/20,1,CT,,,,,,,,
Connecticut,5/1/20,1,CT,,,,,,,,
Connecticut,5/2/20,1,CT,,,,,,,,
Connecticut,5/3/20,1,CT,,,,,,,,
Connecticut,5/4/20,1,CT,,,,,,,,
Delaware,3/19/20,0,DE,,,,,,,,
Delaware,3/20/20,0,DE,,,,,,,,
Delaware,3/21/20,0,DE,,,,,,,,
Delaware,3/22/20,0,DE,,,,,,,,
Delaware,3/23/20,0,DE,,,,,,,,
Delaware,3/24/20,1,DE,,,,,,,,
Delaware,3/25/20,1,DE,,,,,,,,
Delaware,3/26/20,1,DE,,,,,,,,
Delaware,3/27/20,1,DE,,,,,,,,
Delaware,3/28/20,1,DE,,,,,,,,
Delaware,3/29/20,1,DE,,,,,,,,
Delaware,3/30/20,1,DE,,,,,,,,
Delaware,3/31/20,1,DE,,,,,,,,
Delaware,4/1/20,1,DE,,,,,,,,
Delaware,4/2/20,1,DE,,,,,,,,
Delaware,4/3/20,1,DE,,,,,,,,
Delaware,4/4/20,1,DE,,,,,,,,
Delaware,4/5/20,1,DE,,,,,,,,
Delaware,4/6/20,1,DE,,,,,,,,
Delaware,4/7/20,1,DE,,,,,,,,
Delaware,4/21/20,1,DE,,,,,,,,
Delaware,4/24/20,1,DE,,,,,,,,
Delaware,4/25/20,1,DE,,,,,,,,
Delaware,4/26/20,1,DE,,,,,,,,
Delaware,4/27/20,1,DE,,,,,,,,
Delaware,4/28/20,1,DE,,,,,,,,
Delaware,4/29/20,1,DE,,,,,,,,
Delaware,4/30/20,1,DE,,,,,,,,
Delaware,5/1/20,1,DE,,,,,,,,
Delaware,5/2/20,1,DE,,,,,,,,
Delaware,5/3/20,1,DE,,,,,,,,
Delaware,5/4/20,1,DE,,,,,,,,
District of Columbia,3/19/20,0,DC,,,,,,,,
District of Columbia,3/20/20,0,DC,,,,,,,,
District of Columbia,3/21/20,0,DC,,,,,,,,
District of Columbia,3/22/20,0,DC,,,,,,,,
District of Columbia,3/23/20,0,DC,,,,,,,,
District of Columbia,3/24/20,0,DC,,,,,,,,
District of Columbia,3/25/20,0,DC,,,,,,,,
District of Columbia,3/26/20,0,DC,,,,,,,,
District of Columbia,3/27/20,0,DC,,,,,,,,
District of Columbia,3/28/20,0,DC,,,,,,,,
District of Columbia,3/29/20,0,DC,,,,,,,,
District of Columbia,3/30/20,0,DC,,,,,,,,
District of Columbia,3/31/20,0,DC,,,,,,,,
District of Columbia,4/1/20,1,DC,,,,,,,,
District of Columbia,4/2/20,1,DC,,,,,,,,
District of Columbia,4/3/20,1,DC,,,,,,,,
District of Columbia,4/4/20,1,DC,,,,,,,,
District of Columbia,4/5/20,1,DC,,,,,,,,
District of Columbia,4/6/20,1,DC,,,,,,,,
District of Columbia,4/7/20,1,DC,,,,,,,,
District of Columbia,4/21/20,1,DC,,,,,,,,
District of Columbia,4/24/20,1,DC,,,,,,,,
District of Columbia,4/25/20,1,DC,,,,,,,,
District of Columbia,4/26/20,1,DC,,,,,,,,
District of Columbia,4/27/20,1,DC,,,,,,,,
District of Columbia,4/28/20,1,DC,,,,,,,,
District of Columbia,4/29/20,1,DC,,,,,,,,
District of Columbia,4/30/20,1,DC,,,,,,,,
District of Columbia,5/1/20,1,DC,,,,,,,,
District of Columbia,5/2/20,1,DC,,,,,,,,
District of Columbia,5/3/20,1,DC,,,,,,,,
District of Columbia,5/4/20,1,DC,,,,,,,,
Florida,3/19/20,0,FL,,,,,,,,
Florida,3/20/20,0,FL,,,,,,,,
Florida,3/21/20,0,FL,,,,,,,,
Florida,3/22/20,0,FL,,,,,,,,
Florida,3/23/20,0.5,FL,,,,,,,,
Florida,3/24/20,0.5,FL,,,,,,,,
Florida,3/25/20,0.5,FL,,,,,,,,
Florida,3/26/20,0.5,FL,,,,,,,,
Florida,3/27/20,0.5,FL,,,,,,,,
Florida,3/28/20,0.5,FL,,,,,,,,
Florida,3/29/20,0.5,FL,,,,,,,,
Florida,3/30/20,0.5,FL,,,,,,,,
Florida,3/31/20,0.5,FL,,,,,,,,
Florida,4/1/20,0.5,FL,,,,,,,,
Florida,4/2/20,0.5,FL,,,,,,,,
Florida,4/3/20,1,FL,,,,,,,,
Florida,4/4/20,1,FL,,,,,,,,
Florida,4/5/20,1,FL,,,,,,,,
Florida,4/6/20,1,FL,,,,,,,,
Florida,4/7/20,1,FL,,,,,,,,
Florida,4/21/20,1,FL,,,,,,,,
Florida,4/24/20,1,FL,,,,,,,,
Florida,4/25/20,1,FL,,,,,,,,
Florida,4/26/20,1,FL,,,,,,,,
Florida,4/27/20,1,FL,,,,,,,,
Florida,4/28/20,1,FL,,,,,,,,
Florida,4/29/20,1,FL,,,,,,,,
Florida,4/30/20,1,FL,,,,,,,,
Florida,5/1/20,1,FL,,,,,,,,
Florida,5/2/20,1,FL,,,,,,,,
Florida,5/3/20,1,FL,,,,,,,,
Florida,5/4/20,0.75,FL,,,,,,,,
Georgia,3/19/20,0,GA,,,,,,,,
Georgia,3/20/20,0,GA,,,,,,,,
Georgia,3/21/20,0,GA,,,,,,,,
Georgia,3/22/20,0,GA,,,,,,,,
Georgia,3/23/20,0.5,GA,,,,,,,,
Georgia,3/24/20,0.5,GA,,,,,,,,
Georgia,3/25/20,0.5,GA,,,,,,,,
Georgia,3/26/20,0.5,GA,,,,,,,,
Georgia,3/27/20,0.5,GA,,,,,,,,
Georgia,3/28/20,0.5,GA,,,,,,,,
Georgia,3/29/20,0.5,GA,,,,,,,,
Georgia,3/30/20,0.5,GA,,,,,,,,
Georgia,3/31/20,0.5,GA,,,,,,,,
Georgia,4/1/20,0.5,GA,,,,,,,,
Georgia,4/2/20,0.5,GA,,,,,,,,
Georgia,4/3/20,1,GA,,,,,,,,
Georgia,4/4/20,1,GA,,,,,,,,
Georgia,4/5/20,1,GA,,,,,,,,
Georgia,4/6/20,1,GA,,,,,,,,
Georgia,4/7/20,1,GA,,,,,,,,
Georgia,4/21/20,1,GA,,,,,,,,
Georgia,4/24/20,1,GA,,,,,,,,
Georgia,4/25/20,1,GA,,,,,,,,
Georgia,4/26/20,1,GA,,,,,,,,
Georgia,4/27/20,1,GA,,,,,,,,
Georgia,4/28/20,1,GA,,,,,,,,
Georgia,4/29/20,1,GA,,,,,,,,
Georgia,4/30/20,1,GA,,,,,,,,
Georgia,5/1/20,0.55,GA,,,,,,,,
Georgia,5/2/20,0.55,GA,,,,,,,,
Georgia,5/3/20,0.55,GA,,,,,,,,
Georgia,5/4/20,0.55,GA,,,,,,,,
Hawaii,3/19/20,0,HI,,,,,,,,
Hawaii,3/20/20,0,HI,,,,,,,,
Hawaii,3/21/20,0,HI,,,,,,,,
Hawaii,3/22/20,0,HI,,,,,,,,
Hawaii,3/23/20,0,HI,,,,,,,,
Hawaii,3/24/20,0,HI,,,,,,,,
Hawaii,3/25/20,1,HI,,,,,,,,
Hawaii,3/26/20,1,HI,,,,,,,,
Hawaii,3/27/20,1,HI,,,,,,,,
Hawaii,3/28/20,1,HI,,,,,,,,
Hawaii,3/29/20,1,HI,,,,,,,,
Hawaii,3/30/20,1,HI,,,,,,,,
Hawaii,3/31/20,1,HI,,,,,,,,
Hawaii,4/1/20,1,HI,,,,,,,,
Hawaii,4/2/20,1,HI,,,,,,,,
Hawaii,4/3/20,1,HI,,,,,,,,
Hawaii,4/4/20,1,HI,,,,,,,,
Hawaii,4/5/20,1,HI,,,,,,,,
Hawaii,4/6/20,1,HI,,,,,,,,
Hawaii,4/7/20,1,HI,,,,,,,,
Hawaii,4/21/20,1,HI,,,,,,,,
Hawaii,4/24/20,1,HI,,,,,,,,
Hawaii,4/25/20,1,HI,,,,,,,,
Hawaii,4/26/20,1,HI,,,,,,,,
Hawaii,4/27/20,1,HI,,,,,,,,
Hawaii,4/28/20,1,HI,,,,,,,,
Hawaii,4/29/20,1,HI,,,,,,,,
Hawaii,4/30/20,1,HI,,,,,,,,
Hawaii,5/1/20,0.55,HI,,,,,,,,
Hawaii,5/2/20,0.55,HI,,,,,,,,
Hawaii,5/3/20,0.55,HI,,,,,,,,
Hawaii,5/4/20,0.55,HI,,,,,,,,
Idaho,3/19/20,0,ID,,,,,,,,
Idaho,3/20/20,0,ID,,,,,,,,
Idaho,3/21/20,0,ID,,,,,,,,
Idaho,3/22/20,0,ID,,,,,,,,
Idaho,3/23/20,0.5,ID,,,,,,,,
Idaho,3/24/20,0.5,ID,,,,,,,,
Idaho,3/25/20,1,ID,,,,,,,,
Idaho,3/26/20,1,ID,,,,,,,,
Idaho,3/27/20,1,ID,,,,,,,,
Idaho,3/28/20,1,ID,,,,,,,,
Idaho,3/29/20,1,ID,,,,,,,,
Idaho,3/30/20,1,ID,,,,,,,,
Idaho,3/31/20,1,ID,,,,,,,,
Idaho,4/1/20,1,ID,,,,,,,,
Idaho,4/2/20,1,ID,,,,,,,,
Idaho,4/3/20,1,ID,,,,,,,,
Idaho,4/4/20,1,ID,,,,,,,,
Idaho,4/5/20,1,ID,,,,,,,,
Idaho,4/6/20,1,ID,,,,,,,,
Idaho,4/7/20,1,ID,,,,,,,,
Idaho,4/21/20,1,ID,,,,,,,,
Idaho,4/24/20,1,ID,,,,,,,,
Idaho,4/25/20,1,ID,,,,,,,,
Idaho,4/26/20,1,ID,,,,,,,,
Idaho,4/27/20,1,ID,,,,,,,,
Idaho,4/28/20,1,ID,,,,,,,,
Idaho,4/29/20,1,ID,,,,,,,,
Idaho,4/30/20,1,ID,,,,,,,,
Idaho,5/1/20,0.55,ID,,,,,,,,
Idaho,5/2/20,0.55,ID,,,,,,,,
Idaho,5/3/20,0.55,ID,,,,,,,,
Idaho,5/4/20,0.55,ID,,,,,,,,
Illinois,3/19/20,0,IL,,,,,,,,
Illinois,3/20/20,0,IL,,,,,,,,
Illinois,3/21/20,1,IL,,,,,,,,
Illinois,3/22/20,1,IL,,,,,,,,
Illinois,3/23/20,1,IL,,,,,,,,
Illinois,3/24/20,1,IL,,,,,,,,
Illinois,3/25/20,1,IL,,,,,,,,
Illinois,3/26/20,1,IL,,,,,,,,
Illinois,3/27/20,1,IL,,,,,,,,
Illinois,3/28/20,1,IL,,,,,,,,
Illinois,3/29/20,1,IL,,,,,,,,
Illinois,3/30/20,1,IL,,,,,,,,
Illinois,3/31/20,1,IL,,,,,,,,
Illinois,4/1/20,1,IL,,,,,,,,
Illinois,4/2/20,1,IL,,,,,,,,
Illinois,4/3/20,1,IL,,,,,,,,
Illinois,4/4/20,1,IL,,,,,,,,
Illinois,4/5/20,1,IL,,,,,,,,
Illinois,4/6/20,1,IL,,,,,,,,
Illinois,4/7/20,1,IL,,,,,,,,
Illinois,4/21/20,1,IL,,,,,,,,
Illinois,4/24/20,1,IL,,,,,,,,
Illinois,4/25/20,1,IL,,,,,,,,
Illinois,4/26/20,1,IL,,,,,,,,
Illinois,4/27/20,1,IL,,,,,,,,
Illinois,4/28/20,1,IL,,,,,,,,
Illinois,4/29/20,1,IL,,,,,,,,
Illinois,4/30/20,1,IL,,,,,,,,
Illinois,5/1/20,0.55,IL,,,,,,,,
Illinois,5/2/20,0.55,IL,,,,,,,,
Illinois,5/3/20,0.55,IL,,,,,,,,
Illinois,5/4/20,0.55,IL,,,,,,,,
Indiana,3/19/20,0,IN,,,,,,,,
Indiana,3/20/20,0,IN,,,,,,,,
Indiana,3/21/20,0,IN,,,,,,,,
Indiana,3/22/20,0,IN,,,,,,,,
Indiana,3/23/20,0,IN,,,,,,,,
Indiana,3/24/20,1,IN,,,,,,,,
Indiana,3/25/20,1,IN,,,,,,,,
Indiana,3/26/20,1,IN,,,,,,,,
Indiana,3/27/20,1,IN,,,,,,,,
Indiana,3/28/20,1,IN,,,,,,,,
Indiana,3/29/20,1,IN,,,,,,,,
Indiana,3/30/20,1,IN,,,,,,,,
Indiana,3/31/20,1,IN,,,,,,,,
Indiana,4/1/20,1,IN,,,,,,,,
Indiana,4/2/20,1,IN,,,,,,,,
Indiana,4/3/20,1,IN,,,,,,,,
Indiana,4/4/20,1,IN,,,,,,,,
Indiana,4/5/20,1,IN,,,,,,,,
Indiana,4/6/20,1,IN,,,,,,,,
Indiana,4/7/20,1,IN,,,,,,,,
Indiana,4/21/20,1,IN,,,,,,,,
Indiana,4/24/20,1,IN,,,,,,,,
Indiana,4/25/20,1,IN,,,,,,,,
Indiana,4/26/20,1,IN,,,,,,,,
Indiana,4/27/20,1,IN,,,,,,,,
Indiana,4/28/20,1,IN,,,,,,,,
Indiana,4/29/20,1,IN,,,,,,,,
Indiana,4/30/20,1,IN,,,,,,,,
Indiana,5/1/20,1,IN,,,,,,,,
Indiana,5/2/20,1,IN,,,,,,,,
Indiana,5/3/20,1,IN,,,,,,,,
Indiana,5/4/20,1,IN,,,,,,,,
Kansas,3/19/20,0,KS,,,,,,,,
Kansas,3/20/20,0,KS,,,,,,,,
Kansas,3/21/20,0,KS,,,,,,,,
Kansas,3/22/20,0,KS,,,,,,,,
Kansas,3/23/20,0,KS,,,,,,,,
Kansas,3/24/20,0,KS,,,,,,,,
Kansas,3/25/20,0,KS,,,,,,,,
Kansas,3/26/20,0.5,KS,,,,,,,,
Kansas,3/27/20,0.5,KS,,,,,,,,
Kansas,3/28/20,0.5,KS,,,,,,,,
Kansas,3/29/20,0.5,KS,,,,,,,,
Kansas,3/30/20,1,KS,,,,,,,,
Kansas,3/31/20,1,KS,,,,,,,,
Kansas,4/1/20,1,KS,,,,,,,,
Kansas,4/2/20,1,KS,,,,,,,,
Kansas,4/3/20,1,KS,,,,,,,,
Kansas,4/4/20,1,KS,,,,,,,,
Kansas,4/5/20,1,KS,,,,,,,,
Kansas,4/6/20,1,KS,,,,,,,,
Kansas,4/7/20,1,KS,,,,,,,,
Kansas,4/21/20,1,KS,,,,,,,,
Kansas,4/24/20,1,KS,,,,,,,,
Kansas,4/25/20,1,KS,,,,,,,,
Kansas,4/26/20,1,KS,,,,,,,,
Kansas,4/27/20,1,KS,,,,,,,,
Kansas,4/28/20,1,KS,,,,,,,,
Kansas,4/29/20,1,KS,,,,,,,,
Kansas,4/30/20,1,KS,,,,,,,,
Kansas,5/1/20,1,KS,,,,,,,,
Kansas,5/2/20,1,KS,,,,,,,,
Kansas,5/3/20,1,KS,,,,,,,,
Kansas,5/4/20,0.75,KS,,,,,,,,
Kentucky,3/19/20,0,KY,,,,,,,,
Kentucky,3/20/20,0,KY,,,,,,,,
Kentucky,3/21/20,0,KY,,,,,,,,
Kentucky,3/22/20,0,KY,,,,,,,,
Kentucky,3/23/20,0,KY,,,,,,,,
Kentucky,3/24/20,0,KY,,,,,,,,
Kentucky,3/25/20,0,KY,,,,,,,,
Kentucky,3/26/20,1,KY,,,,,,,,
Kentucky,3/27/20,1,KY,,,,,,,,
Kentucky,3/28/20,1,KY,,,,,,,,
Kentucky,3/29/20,1,KY,,,,,,,,
Kentucky,3/30/20,1,KY,,,,,,,,
Kentucky,3/31/20,1,KY,,,,,,,,
Kentucky,4/1/20,1,KY,,,,,,,,
Kentucky,4/2/20,1,KY,,,,,,,,
Kentucky,4/3/20,1,KY,,,,,,,,
Kentucky,4/4/20,1,KY,,,,,,,,
Kentucky,4/5/20,1,KY,,,,,,,,
Kentucky,4/6/20,1,KY,,,,,,,,
Kentucky,4/7/20,1,KY,,,,,,,,
Kentucky,4/21/20,1,KY,,,,,,,,
Kentucky,4/24/20,1,KY,,,,,,,,
Kentucky,4/25/20,1,KY,,,,,,,,
Kentucky,4/26/20,1,KY,,,,,,,,
Kentucky,4/27/20,1,KY,,,,,,,,
Kentucky,4/28/20,1,KY,,,,,,,,
Kentucky,4/29/20,1,KY,,,,,,,,
Kentucky,4/30/20,1,KY,,,,,,,,
Kentucky,5/1/20,1,KY,,,,,,,,
Kentucky,5/2/20,1,KY,,,,,,,,
Kentucky,5/3/20,1,KY,,,,,,,,
Kentucky,5/4/20,1,KY,,,,,,,,
Louisiana,3/19/20,0,LA,,,,,,,,
Louisiana,3/20/20,0,LA,,,,,,,,
Louisiana,3/21/20,0,LA,,,,,,,,
Louisiana,3/22/20,0,LA,,,,,,,,
Louisiana,3/23/20,1,LA,,,,,,,,
Louisiana,3/24/20,1,LA,,,,,,,,
Louisiana,3/25/20,1,LA,,,,,,,,
Louisiana,3/26/20,1,LA,,,,,,,,
Louisiana,3/27/20,1,LA,,,,,,,,
Louisiana,3/28/20,1,LA,,,,,,,,
Louisiana,3/29/20,1,LA,,,,,,,,
Louisiana,3/30/20,1,LA,,,,,,,,
Louisiana,3/31/20,1,LA,,,,,,,,
Louisiana,4/1/20,1,LA,,,,,,,,
Louisiana,4/2/20,1,LA,,,,,,,,
Louisiana,4/3/20,1,LA,,,,,,,,
Louisiana,4/4/20,1,LA,,,,,,,,
Louisiana,4/5/20,1,LA,,,,,,,,
Louisiana,4/6/20,1,LA,,,,,,,,
Louisiana,4/7/20,1,LA,,,,,,,,
Louisiana,4/21/20,1,LA,,,,,,,,
Louisiana,4/24/20,1,LA,,,,,,,,
Louisiana,4/25/20,1,LA,,,,,,,,
Louisiana,4/26/20,1,LA,,,,,,,,
Louisiana,4/27/20,1,LA,,,,,,,,
Louisiana,4/28/20,1,LA,,,,,,,,
Louisiana,4/29/20,1,LA,,,,,,,,
Louisiana,4/30/20,1,LA,,,,,,,,
Louisiana,5/1/20,1,LA,,,,,,,,
Louisiana,5/2/20,1,LA,,,,,,,,
Louisiana,5/3/20,1,LA,,,,,,,,
Louisiana,5/4/20,1,LA,,,,,,,,
Maine,3/19/20,0,ME,,,,,,,,
Maine,3/20/20,0,ME,,,,,,,,
Maine,3/21/20,0,ME,,,,,,,,
Maine,3/22/20,0,ME,,,,,,,,
Maine,3/23/20,0,ME,,,,,,,,
Maine,3/24/20,0,ME,,,,,,,,
Maine,3/25/20,0,ME,,,,,,,,
Maine,3/26/20,0.5,ME,,,,,,,,
Maine,3/27/20,0.5,ME,,,,,,,,
Maine,3/28/20,0.5,ME,,,,,,,,
Maine,3/29/20,0.5,ME,,,,,,,,
Maine,3/30/20,0.5,ME,,,,,,,,
Maine,3/31/20,0.5,ME,,,,,,,,
Maine,4/1/20,0.5,ME,,,,,,,,
Maine,4/2/20,1,ME,,,,,,,,
Maine,4/3/20,1,ME,,,,,,,,
Maine,4/4/20,1,ME,,,,,,,,
Maine,4/5/20,1,ME,,,,,,,,
Maine,4/6/20,1,ME,,,,,,,,
Maine,4/7/20,1,ME,,,,,,,,
Maine,4/21/20,1,ME,,,,,,,,
Maine,4/24/20,1,ME,,,,,,,,
Maine,4/25/20,1,ME,,,,,,,,
Maine,4/26/20,1,ME,,,,,,,,
Maine,4/27/20,1,ME,,,,,,,,
Maine,4/28/20,1,ME,,,,,,,,
Maine,4/29/20,1,ME,,,,,,,,
Maine,4/30/20,1,ME,,,,,,,,
Maine,5/1/20,0.55,ME,,,,,,,,
Maine,5/2/20,0.55,ME,,,,,,,,
Maine,5/3/20,0.55,ME,,,,,,,,
Maine,5/4/20,0.55,ME,,,,,,,,
Maryland,3/19/20,0,MD,,,,,,,,
Maryland,3/20/20,0,MD,,,,,,,,
Maryland,3/21/20,0,MD,,,,,,,,
Maryland,3/22/20,0,MD,,,,,,,,
Maryland,3/23/20,0,MD,,,,,,,,
Maryland,3/24/20,0,MD,,,,,,,,
Maryland,3/25/20,0,MD,,,,,,,,
Maryland,3/26/20,0,MD,,,,,,,,
Maryland,3/27/20,0,MD,,,,,,,,
Maryland,3/28/20,0,MD,,,,,,,,
Maryland,3/29/20,0,MD,,,,,,,,
Maryland,3/30/20,1,MD,,,,,,,,
Maryland,3/31/20,1,MD,,,,,,,,
Maryland,4/1/20,1,MD,,,,,,,,
Maryland,4/2/20,1,MD,,,,,,,,
Maryland,4/3/20,1,MD,,,,,,,,
Maryland,4/4/20,1,MD,,,,,,,,
Maryland,4/5/20,1,MD,,,,,,,,
Maryland,4/6/20,1,MD,,,,,,,,
Maryland,4/7/20,1,MD,,,,,,,,
Maryland,4/21/20,1,MD,,,,,,,,
Maryland,4/24/20,1,MD,,,,,,,,
Maryland,4/25/20,1,MD,,,,,,,,
Maryland,4/26/20,1,MD,,,,,,,,
Maryland,4/27/20,1,MD,,,,,,,,
Maryland,4/28/20,1,MD,,,,,,,,
Maryland,4/29/20,1,MD,,,,,,,,
Maryland,4/30/20,1,MD,,,,,,,,
Maryland,5/1/20,1,MD,,,,,,,,
Maryland,5/2/20,1,MD,,,,,,,,
Maryland,5/3/20,1,MD,,,,,,,,
Maryland,5/4/20,1,MD,,,,,,,,
Massachusetts,3/19/20,0,MA,,,,,,,,
Massachusetts,3/20/20,0,MA,,,,,,,,
Massachusetts,3/21/20,0,MA,,,,,,,,
Massachusetts,3/22/20,0,MA,,,,,,,,
Massachusetts,3/23/20,0,MA,,,,,,,,
Massachusetts,3/24/20,1,MA,,,,,,,,
Massachusetts,3/25/20,1,MA,,,,,,,,
Massachusetts,3/26/20,1,MA,,,,,,,,
Massachusetts,3/27/20,1,MA,,,,,,,,
Massachusetts,3/28/20,1,MA,,,,,,,,
Massachusetts,3/29/20,1,MA,,,,,,,,
Massachusetts,3/30/20,1,MA,,,,,,,,
Massachusetts,3/31/20,1,MA,,,,,,,,
Massachusetts,4/1/20,1,MA,,,,,,,,
Massachusetts,4/2/20,1,MA,,,,,,,,
Massachusetts,4/3/20,1,MA,,,,,,,,
Massachusetts,4/4/20,1,MA,,,,,,,,
Massachusetts,4/5/20,1,MA,,,,,,,,
Massachusetts,4/6/20,1,MA,,,,,,,,
Massachusetts,4/7/20,1,MA,,,,,,,,
Massachusetts,4/21/20,1,MA,,,,,,,,
Massachusetts,4/24/20,1,MA,,,,,,,,
Massachusetts,4/25/20,1,MA,,,,,,,,
Massachusetts,4/26/20,1,MA,,,,,,,,
Massachusetts,4/27/20,1,MA,,,,,,,,
Massachusetts,4/28/20,1,MA,,,,,,,,
Massachusetts,4/29/20,1,MA,,,,,,,,
Massachusetts,4/30/20,1,MA,,,,,,,,
Massachusetts,5/1/20,1,MA,,,,,,,,
Massachusetts,5/2/20,1,MA,,,,,,,,
Massachusetts,5/3/20,1,MA,,,,,,,,
Massachusetts,5/4/20,1,MA,,,,,,,,
Michigan,3/19/20,0,MI,,,,,,,,
Michigan,3/20/20,0,MI,,,,,,,,
Michigan,3/21/20,0,MI,,,,,,,,
Michigan,3/22/20,0,MI,,,,,,,,
Michigan,3/23/20,0,MI,,,,,,,,
Michigan,3/24/20,1,MI,,,,,,,,
Michigan,3/25/20,1,MI,,,,,,,,
Michigan,3/26/20,1,MI,,,,,,,,
Michigan,3/27/20,1,MI,,,,,,,,
Michigan,3/28/20,1,MI,,,,,,,,
Michigan,3/29/20,1,MI,,,,,,,,
Michigan,3/30/20,1,MI,,,,,,,,
Michigan,3/31/20,1,MI,,,,,,,,
Michigan,4/1/20,1,MI,,,,,,,,
Michigan,4/2/20,1,MI,,,,,,,,
Michigan,4/3/20,1,MI,,,,,,,,
Michigan,4/4/20,1,MI,,,,,,,,
Michigan,4/5/20,1,MI,,,,,,,,
Michigan,4/6/20,1,MI,,,,,,,,
Michigan,4/7/20,1,MI,,,,,,,,
Michigan,4/21/20,1,MI,,,,,,,,
Michigan,4/24/20,0.55,MI,,,,,,,,
Michigan,4/25/20,0.55,MI,,,,,,,,
Michigan,4/26/20,0.55,MI,,,,,,,,
Michigan,4/27/20,0.55,MI,,,,,,,,
Michigan,4/28/20,0.55,MI,,,,,,,,
Michigan,4/29/20,0.55,MI,,,,,,,,
Michigan,4/30/20,0.55,MI,,,,,,,,
Michigan,5/1/20,0.55,MI,,,,,,,,
Michigan,5/2/20,0.55,MI,,,,,,,,
Michigan,5/3/20,0.55,MI,,,,,,,,
Michigan,5/4/20,0.55,MI,,,,,,,,
Minnesota,3/19/20,0,MN,,,,,,,,
Minnesota,3/20/20,0,MN,,,,,,,,
Minnesota,3/21/20,0,MN,,,,,,,,
Minnesota,3/22/20,0,MN,,,,,,,,
Minnesota,3/23/20,0,MN,,,,,,,,
Minnesota,3/24/20,0,MN,,,,,,,,
Minnesota,3/25/20,0,MN,,,,,,,,
Minnesota,3/26/20,0,MN,,,,,,,,
Minnesota,3/27/20,0,MN,,,,,,,,
Minnesota,3/28/20,1,MN,,,,,,,,
Minnesota,3/29/20,1,MN,,,,,,,,
Minnesota,3/30/20,1,MN,,,,,,,,
Minnesota,3/31/20,1,MN,,,,,,,,
Minnesota,4/1/20,1,MN,,,,,,,,
Minnesota,4/2/20,1,MN,,,,,,,,
Minnesota,4/3/20,1,MN,,,,,,,,
Minnesota,4/4/20,1,MN,,,,,,,,
Minnesota,4/5/20,1,MN,,,,,,,,
Minnesota,4/6/20,1,MN,,,,,,,,
Minnesota,4/7/20,1,MN,,,,,,,,
Minnesota,4/21/20,1,MN,,,,,,,,
Minnesota,4/24/20,0.55,MN,,,,,,,,
Minnesota,4/25/20,0.55,MN,,,,,,,,
Minnesota,4/26/20,0.55,MN,,,,,,,,
Minnesota,4/27/20,0.55,MN,,,,,,,,
Minnesota,4/28/20,0.55,MN,,,,,,,,
Minnesota,4/29/20,0.55,MN,,,,,,,,
Minnesota,4/30/20,0.55,MN,,,,,,,,
Minnesota,5/1/20,0.55,MN,,,,,,,,
Minnesota,5/2/20,0.55,MN,,,,,,,,
Minnesota,5/3/20,0.55,MN,,,,,,,,
Minnesota,5/4/20,0.55,MN,,,,,,,,
Mississippi,3/19/20,0,MS,,,,,,,,
Mississippi,3/20/20,0,MS,,,,,,,,
Mississippi,3/21/20,0,MS,,,,,,,,
Mississippi,3/22/20,0,MS,,,,,,,,
Mississippi,3/23/20,0.5,MS,,,,,,,,
Mississippi,3/24/20,0.5,MS,,,,,,,,
Mississippi,3/25/20,0.5,MS,,,,,,,,
Mississippi,3/26/20,0.5,MS,,,,,,,,
Mississippi,3/27/20,0.5,MS,,,,,,,,
Mississippi,3/28/20,0.5,MS,,,,,,,,
Mississippi,3/29/20,0.5,MS,,,,,,,,
Mississippi,3/30/20,0.5,MS,,,,,,,,
Mississippi,3/31/20,0.5,MS,,,,,,,,
Mississippi,4/1/20,0.5,MS,,,,,,,,
Mississippi,4/2/20,0.5,MS,,,,,,,,
Mississippi,4/3/20,1,MS,,,,,,,,
Mississippi,4/4/20,1,MS,,,,,,,,
Mississippi,4/5/20,1,MS,,,,,,,,
Mississippi,4/6/20,1,MS,,,,,,,,
Mississippi,4/7/20,1,MS,,,,,,,,
Mississippi,4/21/20,1,MS,,,,,,,,
Mississippi,4/24/20,1,MS,,,,,,,,
Mississippi,4/25/20,1,MS,,,,,,,,
Mississippi,4/26/20,1,MS,,,,,,,,
Mississippi,4/27/20,0.75,MS,,,,,,,,
Mississippi,4/28/20,0.75,MS,,,,,,,,
Mississippi,4/29/20,0.75,MS,,,,,,,,
Mississippi,4/30/20,0.75,MS,,,,,,,,
Mississippi,5/1/20,0.75,MS,,,,,,,,
Mississippi,5/2/20,0.75,MS,,,,,,,,
Mississippi,5/3/20,0.75,MS,,,,,,,,
Mississippi,5/4/20,0.75,MS,,,,,,,,
Missouri,3/19/20,0,MO,,,,,,,,
Missouri,3/20/20,0,MO,,,,,,,,
Missouri,3/21/20,0,MO,,,,,,,,
Missouri,3/22/20,0,MO,,,,,,,,
Missouri,3/23/20,0.5,MO,,,,,,,,
Missouri,3/24/20,0.5,MO,,,,,,,,
Missouri,3/25/20,0.5,MO,,,,,,,,
Missouri,3/26/20,0.5,MO,,,,,,,,
Missouri,3/27/20,0.5,MO,,,,,,,,
Missouri,3/28/20,0.5,MO,,,,,,,,
Missouri,3/29/20,0.5,MO,,,,,,,,
Missouri,3/30/20,0.5,MO,,,,,,,,
Missouri,3/31/20,0.5,MO,,,,,,,,
Missouri,4/1/20,0.5,MO,,,,,,,,
Missouri,4/2/20,0.5,MO,,,,,,,,
Missouri,4/3/20,0.5,MO,,,,,,,,
Missouri,4/4/20,0.5,MO,,,,,,,,
Missouri,4/5/20,0.5,MO,,,,,,,,
Missouri,4/6/20,1,MO,,,,,,,,
Missouri,4/7/20,1,MO,,,,,,,,
Missouri,4/21/20,1,MO,,,,,,,,
Missouri,4/24/20,1,MO,,,,,,,,
Missouri,4/25/20,1,MO,,,,,,,,
Missouri,4/26/20,1,MO,,,,,,,,
Missouri,4/27/20,1,MO,,,,,,,,
Missouri,4/28/20,1,MO,,,,,,,,
Missouri,4/29/20,1,MO,,,,,,,,
Missouri,4/30/20,1,MO,,,,,,,,
Missouri,5/1/20,1,MO,,,,,,,,
Missouri,5/2/20,1,MO,,,,,,,,
Missouri,5/3/20,1,MO,,,,,,,,
Missouri,5/4/20,0.55,MO,,,,,,,,
Montana,3/19/20,0,MT,,,,,,,,
Montana,3/20/20,0,MT,,,,,,,,
Montana,3/21/20,0,MT,,,,,,,,
Montana,3/22/20,0,MT,,,,,,,,
Montana,3/23/20,0,MT,,,,,,,,
Montana,3/24/20,0,MT,,,,,,,,
Montana,3/25/20,0,MT,,,,,,,,
Montana,3/26/20,0,MT,,,,,,,,
Montana,3/27/20,0,MT,,,,,,,,
Montana,3/28/20,1,MT,,,,,,,,
Montana,3/29/20,1,MT,,,,,,,,
Montana,3/30/20,1,MT,,,,,,,,
Montana,3/31/20,1,MT,,,,,,,,
Montana,4/1/20,1,MT,,,,,,,,
Montana,4/2/20,1,MT,,,,,,,,
Montana,4/3/20,1,MT,,,,,,,,
Montana,4/4/20,1,MT,,,,,,,,
Montana,4/5/20,1,MT,,,,,,,,
Montana,4/6/20,1,MT,,,,,,,,
Montana,4/7/20,1,MT,,,,,,,,
Montana,4/21/20,1,MT,,,,,,,,
Montana,4/24/20,1,MT,,,,,,,,
Montana,4/25/20,1,MT,,,,,,,,
Montana,4/26/20,1,MT,,,,,,,,
Montana,4/27/20,0.75,MT,,,,,,,,
Montana,4/28/20,0.75,MT,,,,,,,,
Montana,4/29/20,0.75,MT,,,,,,,,
Montana,4/30/20,0.75,MT,,,,,,,,
Montana,5/1/20,0.75,MT,,,,,,,,
Montana,5/2/20,0.75,MT,,,,,,,,
Montana,5/3/20,0.75,MT,,,,,,,,
Montana,5/4/20,0.55,MT,,,,,,,,
Nevada,3/19/20,0,NV,,,,,,,,
Nevada,3/20/20,0,NV,,,,,,,,
Nevada,3/21/20,0,NV,,,,,,,,
Nevada,3/22/20,0,NV,,,,,,,,
Nevada,3/23/20,0,NV,,,,,,,,
Nevada,3/24/20,0,NV,,,,,,,,
Nevada,3/25/20,0,NV,,,,,,,,
Nevada,3/26/20,0,NV,,,,,,,,
Nevada,3/27/20,0,NV,,,,,,,,
Nevada,3/28/20,0,NV,,,,,,,,
Nevada,3/29/20,0,NV,,,,,,,,
Nevada,3/30/20,0,NV,,,,,,,,
Nevada,3/31/20,0,NV,,,,,,,,
Nevada,4/1/20,1,NV,,,,,,,,
Nevada,4/2/20,1,NV,,,,,,,,
Nevada,4/3/20,1,NV,,,,,,,,
Nevada,4/4/20,1,NV,,,,,,,,
Nevada,4/5/20,1,NV,,,,,,,,
Nevada,4/6/20,1,NV,,,,,,,,
Nevada,4/7/20,1,NV,,,,,,,,
Nevada,4/21/20,1,NV,,,,,,,,
Nevada,4/24/20,1,NV,,,,,,,,
Nevada,4/25/20,1,NV,,,,,,,,
Nevada,4/26/20,1,NV,,,,,,,,
Nevada,4/27/20,1,NV,,,,,,,,
Nevada,4/28/20,1,NV,,,,,,,,
Nevada,4/29/20,1,NV,,,,,,,,
Nevada,4/30/20,1,NV,,,,,,,,
Nevada,5/1/20,0.75,NV,,,,,,,,
Nevada,5/2/20,0.75,NV,,,,,,,,
Nevada,5/3/20,0.75,NV,,,,,,,,
Nevada,5/4/20,0.75,NV,,,,,,,,
New Hampshire,3/19/20,0,NH,,,,,,,,
New Hampshire,3/20/20,0,NH,,,,,,,,
New Hampshire,3/21/20,0,NH,,,,,,,,
New Hampshire,3/22/20,0,NH,,,,,,,,
New Hampshire,3/23/20,0,NH,,,,,,,,
New Hampshire,3/24/20,0,NH,,,,,,,,
New Hampshire,3/25/20,0,NH,,,,,,,,
New Hampshire,3/26/20,0,NH,,,,,,,,
New Hampshire,3/27/20,1,NH,,,,,,,,
New Hampshire,3/28/20,1,NH,,,,,,,,
New Hampshire,3/29/20,1,NH,,,,,,,,
New Hampshire,3/30/20,1,NH,,,,,,,,
New Hampshire,3/31/20,1,NH,,,,,,,,
New Hampshire,4/1/20,1,NH,,,,,,,,
New Hampshire,4/2/20,1,NH,,,,,,,,
New Hampshire,4/3/20,1,NH,,,,,,,,
New Hampshire,4/4/20,1,NH,,,,,,,,
New Hampshire,4/5/20,1,NH,,,,,,,,
New Hampshire,4/6/20,1,NH,,,,,,,,
New Hampshire,4/7/20,1,NH,,,,,,,,
New Hampshire,4/21/20,1,NH,,,,,,,,
New Hampshire,4/24/20,1,NH,,,,,,,,
New Hampshire,4/25/20,1,NH,,,,,,,,
New Hampshire,4/26/20,1,NH,,,,,,,,
New Hampshire,4/27/20,1,NH,,,,,,,,
New Hampshire,4/28/20,1,NH,,,,,,,,
New Hampshire,4/29/20,1,NH,,,,,,,,
New Hampshire,4/30/20,1,NH,,,,,,,,
New Hampshire,5/1/20,1,NH,,,,,,,,
New Hampshire,5/2/20,1,NH,,,,,,,,
New Hampshire,5/3/20,1,NH,,,,,,,,
New Hampshire,5/4/20,1,NH,,,,,,,,
New Jersey,3/19/20,0,NJ,,,,,,,,
New Jersey,3/20/20,0,NJ,,,,,,,,
New Jersey,3/21/20,1,NJ,,,,,,,,
New Jersey,3/22/20,1,NJ,,,,,,,,
New Jersey,3/23/20,1,NJ,,,,,,,,
New Jersey,3/24/20,1,NJ,,,,,,,,
New Jersey,3/25/20,1,NJ,,,,,,,,
New Jersey,3/26/20,1,NJ,,,,,,,,
New Jersey,3/27/20,1,NJ,,,,,,,,
New Jersey,3/28/20,1,NJ,,,,,,,,
New Jersey,3/29/20,1,NJ,,,,,,,,
New Jersey,3/30/20,1,NJ,,,,,,,,
New Jersey,3/31/20,1,NJ,,,,,,,,
New Jersey,4/1/20,1,NJ,,,,,,,,
New Jersey,4/2/20,1,NJ,,,,,,,,
New Jersey,4/3/20,1,NJ,,,,,,,,
New Jersey,4/4/20,1,NJ,,,,,,,,
New Jersey,4/5/20,1,NJ,,,,,,,,
New Jersey,4/6/20,1,NJ,,,,,,,,
New Jersey,4/7/20,1,NJ,,,,,,,,
New Jersey,4/21/20,1,NJ,,,,,,,,
New Jersey,4/24/20,1,NJ,,,,,,,,
New Jersey,4/25/20,1,NJ,,,,,,,,
New Jersey,4/26/20,1,NJ,,,,,,,,
New Jersey,4/27/20,1,NJ,,,,,,,,
New Jersey,4/28/20,1,NJ,,,,,,,,
New Jersey,4/29/20,1,NJ,,,,,,,,
New Jersey,4/30/20,1,NJ,,,,,,,,
New Jersey,5/1/20,1,NJ,,,,,,,,
New Jersey,5/2/20,1,NJ,,,,,,,,
New Jersey,5/3/20,1,NJ,,,,,,,,
New Jersey,5/4/20,1,NJ,,,,,,,,
New Mexico,3/19/20,0,NM,,,,,,,,
New Mexico,3/20/20,0,NM,,,,,,,,
New Mexico,3/21/20,0,NM,,,,,,,,
New Mexico,3/22/20,0,NM,,,,,,,,
New Mexico,3/23/20,0,NM,,,,,,,,
New Mexico,3/24/20,1,NM,,,,,,,,
New Mexico,3/25/20,1,NM,,,,,,,,
New Mexico,3/26/20,1,NM,,,,,,,,
New Mexico,3/27/20,1,NM,,,,,,,,
New Mexico,3/28/20,1,NM,,,,,,,,
New Mexico,3/29/20,1,NM,,,,,,,,
New Mexico,3/30/20,1,NM,,,,,,,,
New Mexico,3/31/20,1,NM,,,,,,,,
New Mexico,4/1/20,1,NM,,,,,,,,
New Mexico,4/2/20,1,NM,,,,,,,,
New Mexico,4/3/20,1,NM,,,,,,,,
New Mexico,4/4/20,1,NM,,,,,,,,
New Mexico,4/5/20,1,NM,,,,,,,,
New Mexico,4/6/20,1,NM,,,,,,,,
New Mexico,4/7/20,1,NM,,,,,,,,
New Mexico,4/21/20,1,NM,,,,,,,,
New Mexico,4/24/20,1,NM,,,,,,,,
New Mexico,4/25/20,1,NM,,,,,,,,
New Mexico,4/26/20,1,NM,,,,,,,,
New Mexico,4/27/20,1,NM,,,,,,,,
New Mexico,4/28/20,1,NM,,,,,,,,
New Mexico,4/29/20,1,NM,,,,,,,,
New Mexico,4/30/20,1,NM,,,,,,,,
New Mexico,5/1/20,0.55,NM,,,,,,,,
New Mexico,5/2/20,0.55,NM,,,,,,,,
New Mexico,5/3/20,0.55,NM,,,,,,,,
New Mexico,5/4/20,0.55,NM,,,,,,,,
New York,3/19/20,0,NY,,,,,,,,
New York,3/20/20,0,NY,,,,,,,,
New York,3/21/20,0,NY,,,,,,,,
New York,3/22/20,1,NY,,,,,,,,
New York,3/23/20,1,NY,,,,,,,,
New York,3/24/20,1,NY,,,,,,,,
New York,3/25/20,1,NY,,,,,,,,
New York,3/26/20,1,NY,,,,,,,,
New York,3/27/20,1,NY,,,,,,,,
New York,3/28/20,1,NY,,,,,,,,
New York,3/29/20,1,NY,,,,,,,,
New York,3/30/20,1,NY,,,,,,,,
New York,3/31/20,1,NY,,,,,,,,
New York,4/1/20,1,NY,,,,,,,,
New York,4/2/20,1,NY,,,,,,,,
New York,4/3/20,1,NY,,,,,,,,
New York,4/4/20,1,NY,,,,,,,,
New York,4/5/20,1,NY,,,,,,,,
New York,4/6/20,1,NY,,,,,,,,
New York,4/7/20,1,NY,,,,,,,,
New York,4/21/20,1,NY,,,,,,,,
New York,4/24/20,1,NY,,,,,,,,
New York,4/25/20,1,NY,,,,,,,,
New York,4/26/20,1,NY,,,,,,,,
New York,4/27/20,1,NY,,,,,,,,
New York,4/28/20,1,NY,,,,,,,,
New York,4/29/20,1,NY,,,,,,,,
New York,4/30/20,1,NY,,,,,,,,
New York,5/1/20,1,NY,,,,,,,,
New York,5/2/20,1,NY,,,,,,,,
New York,5/3/20,1,NY,,,,,,,,
New York,5/4/20,1,NY,,,,,,,,
North Carolina,3/19/20,0,NC,,,,,,,,
North Carolina,3/20/20,0,NC,,,,,,,,
North Carolina,3/21/20,0,NC,,,,,,,,
North Carolina,3/22/20,0,NC,,,,,,,,
North Carolina,3/23/20,0.5,NC,,,,,,,,
North Carolina,3/24/20,0.5,NC,,,,,,,,
North Carolina,3/25/20,0.5,NC,,,,,,,,
North Carolina,3/26/20,0.5,NC,,,,,,,,
North Carolina,3/27/20,0.5,NC,,,,,,,,
North Carolina,3/28/20,0.5,NC,,,,,,,,
North Carolina,3/29/20,0.5,NC,,,,,,,,
North Carolina,3/30/20,1,NC,,,,,,,,
North Carolina,3/31/20,1,NC,,,,,,,,
North Carolina,4/1/20,1,NC,,,,,,,,
North Carolina,4/2/20,1,NC,,,,,,,,
North Carolina,4/3/20,1,NC,,,,,,,,
North Carolina,4/4/20,1,NC,,,,,,,,
North Carolina,4/5/20,1,NC,,,,,,,,
North Carolina,4/6/20,1,NC,,,,,,,,
North Carolina,4/7/20,1,NC,,,,,,,,
North Carolina,4/21/20,1,NC,,,,,,,,
North Carolina,4/24/20,1,NC,,,,,,,,
North Carolina,4/25/20,1,NC,,,,,,,,
North Carolina,4/26/20,1,NC,,,,,,,,
North Carolina,4/27/20,1,NC,,,,,,,,
North Carolina,4/28/20,1,NC,,,,,,,,
North Carolina,4/29/20,1,NC,,,,,,,,
North Carolina,4/30/20,1,NC,,,,,,,,
North Carolina,5/1/20,1,NC,,,,,,,,
North Carolina,5/2/20,1,NC,,,,,,,,
North Carolina,5/3/20,1,NC,,,,,,,,
North Carolina,5/4/20,1,NC,,,,,,,,
Ohio,3/19/20,0,OH,,,,,,,,
Ohio,3/20/20,0,OH,,,,,,,,
Ohio,3/21/20,0,OH,,,,,,,,
Ohio,3/22/20,0,OH,,,,,,,,
Ohio,3/23/20,0,OH,,,,,,,,
Ohio,3/24/20,1,OH,,,,,,,,
Ohio,3/25/20,1,OH,,,,,,,,
Ohio,3/26/20,1,OH,,,,,,,,
Ohio,3/27/20,1,OH,,,,,,,,
Ohio,3/28/20,1,OH,,,,,,,,
Ohio,3/29/20,1,OH,,,,,,,,
Ohio,3/30/20,1,OH,,,,,,,,
Ohio,3/31/20,1,OH,,,,,,,,
Ohio,4/1/20,1,OH,,,,,,,,
Ohio,4/2/20,1,OH,,,,,,,,
Ohio,4/3/20,1,OH,,,,,,,,
Ohio,4/4/20,1,OH,,,,,,,,
Ohio,4/5/20,1,OH,,,,,,,,
Ohio,4/6/20,1,OH,,,,,,,,
Ohio,4/7/20,1,OH,,,,,,,,
Ohio,4/21/20,1,OH,,,,,,,,
Ohio,4/24/20,1,OH,,,,,,,,
Ohio,4/25/20,1,OH,,,,,,,,
Ohio,4/26/20,1,OH,,,,,,,,
Ohio,4/27/20,1,OH,,,,,,,,
Ohio,4/28/20,1,OH,,,,,,,,
Ohio,4/29/20,1,OH,,,,,,,,
Ohio,4/30/20,1,OH,,,,,,,,
Ohio,5/1/20,0.75,OH,,,,,,,,
Ohio,5/2/20,0.75,OH,,,,,,,,
Ohio,5/3/20,0.75,OH,,,,,,,,
Ohio,5/4/20,0.55,OH,,,,,,,,
Oregon,3/19/20,0,OR,,,,,,,,
Oregon,3/20/20,0,OR,,,,,,,,
Oregon,3/21/20,0,OR,,,,,,,,
Oregon,3/22/20,0,OR,,,,,,,,
Oregon,3/23/20,1,OR,,,,,,,,
Oregon,3/24/20,1,OR,,,,,,,,
Oregon,3/25/20,1,OR,,,,,,,,
Oregon,3/26/20,1,OR,,,,,,,,
Oregon,3/27/20,1,OR,,,,,,,,
Oregon,3/28/20,1,OR,,,,,,,,
Oregon,3/29/20,1,OR,,,,,,,,
Oregon,3/30/20,1,OR,,,,,,,,
Oregon,3/31/20,1,OR,,,,,,,,
Oregon,4/1/20,1,OR,,,,,,,,
Oregon,4/2/20,1,OR,,,,,,,,
Oregon,4/3/20,1,OR,,,,,,,,
Oregon,4/4/20,1,OR,,,,,,,,
Oregon,4/5/20,1,OR,,,,,,,,
Oregon,4/6/20,1,OR,,,,,,,,
Oregon,4/7/20,1,OR,,,,,,,,
Oregon,4/21/20,1,OR,,,,,,,,
Oregon,4/24/20,1,OR,,,,,,,,
Oregon,4/25/20,1,OR,,,,,,,,
Oregon,4/26/20,1,OR,,,,,,,,
Oregon,4/27/20,1,OR,,,,,,,,
Oregon,4/28/20,1,OR,,,,,,,,
Oregon,4/29/20,1,OR,,,,,,,,
Oregon,4/30/20,1,OR,,,,,,,,
Oregon,5/1/20,0.75,OR,,,,,,,,
Oregon,5/2/20,0.75,OR,,,,,,,,
Oregon,5/3/20,0.75,OR,,,,,,,,
Oregon,5/4/20,0.75,OR,,,,,,,,
Pennsylvania,3/19/20,0,PA,,,,,,,,
Pennsylvania,3/20/20,0,PA,,,,,,,,
Pennsylvania,3/21/20,0,PA,,,,,,,,
Pennsylvania,3/22/20,0,PA,,,,,,,,
Pennsylvania,3/23/20,0,PA,,,,,,,,
Pennsylvania,3/24/20,0,PA,,,,,,,,
Pennsylvania,3/25/20,0,PA,,,,,,,,
Pennsylvania,3/26/20,0,PA,,,,,,,,
Pennsylvania,3/27/20,0,PA,,,,,,,,
Pennsylvania,3/28/20,0,PA,,,,,,,,
Pennsylvania,3/29/20,0,PA,,,,,,,,
Pennsylvania,3/30/20,0,PA,,,,,,,,
Pennsylvania,3/31/20,0,PA,,,,,,,,
Pennsylvania,4/1/20,1,PA,,,,,,,,
Pennsylvania,4/2/20,1,PA,,,,,,,,
Pennsylvania,4/3/20,1,PA,,,,,,,,
Pennsylvania,4/4/20,1,PA,,,,,,,,
Pennsylvania,4/5/20,1,PA,,,,,,,,
Pennsylvania,4/6/20,1,PA,,,,,,,,
Pennsylvania,4/7/20,1,PA,,,,,,,,
Pennsylvania,4/21/20,1,PA,,,,,,,,
Pennsylvania,4/24/20,1,PA,,,,,,,,
Pennsylvania,4/25/20,1,PA,,,,,,,,
Pennsylvania,4/26/20,1,PA,,,,,,,,
Pennsylvania,4/27/20,1,PA,,,,,,,,
Pennsylvania,4/28/20,1,PA,,,,,,,,
Pennsylvania,4/29/20,1,PA,,,,,,,,
Pennsylvania,4/30/20,1,PA,,,,,,,,
Pennsylvania,5/1/20,1,PA,,,,,,,,
Pennsylvania,5/2/20,1,PA,,,,,,,,
Pennsylvania,5/3/20,1,PA,,,,,,,,
Pennsylvania,5/4/20,1,PA,,,,,,,,
Rhode Island,3/19/20,0,RI,,,,,,,,
Rhode Island,3/20/20,0,RI,,,,,,,,
Rhode Island,3/21/20,0,RI,,,,,,,,
Rhode Island,3/22/20,0,RI,,,,,,,,
Rhode Island,3/23/20,0,RI,,,,,,,,
Rhode Island,3/24/20,0,RI,,,,,,,,
Rhode Island,3/25/20,0,RI,,,,,,,,
Rhode Island,3/26/20,0,RI,,,,,,,,
Rhode Island,3/27/20,0,RI,,,,,,,,
Rhode Island,3/28/20,1,RI,,,,,,,,
Rhode Island,3/29/20,1,RI,,,,,,,,
Rhode Island,3/30/20,1,RI,,,,,,,,
Rhode Island,3/31/20,1,RI,,,,,,,,
Rhode Island,4/1/20,1,RI,,,,,,,,
Rhode Island,4/2/20,1,RI,,,,,,,,
Rhode Island,4/3/20,1,RI,,,,,,,,
Rhode Island,4/4/20,1,RI,,,,,,,,
Rhode Island,4/5/20,1,RI,,,,,,,,
Rhode Island,4/6/20,1,RI,,,,,,,,
Rhode Island,4/7/20,1,RI,,,,,,,,
Rhode Island,4/21/20,1,RI,,,,,,,,
Rhode Island,4/24/20,1,RI,,,,,,,,
Rhode Island,4/25/20,1,RI,,,,,,,,
Rhode Island,4/26/20,1,RI,,,,,,,,
Rhode Island,4/27/20,1,RI,,,,,,,,
Rhode Island,4/28/20,1,RI,,,,,,,,
Rhode Island,4/29/20,1,RI,,,,,,,,
Rhode Island,4/30/20,1,RI,,,,,,,,
Rhode Island,5/1/20,1,RI,,,,,,,,
Rhode Island,5/2/20,1,RI,,,,,,,,
Rhode Island,5/3/20,1,RI,,,,,,,,
Rhode Island,5/4/20,1,RI,,,,,,,,
South Carolina,3/19/20,0,SC,,,,,,,,
South Carolina,3/20/20,0,SC,,,,,,,,
South Carolina,3/21/20,0,SC,,,,,,,,
South Carolina,3/22/20,0,SC,,,,,,,,
South Carolina,3/23/20,0,SC,,,,,,,,
South Carolina,3/24/20,0,SC,,,,,,,,
South Carolina,3/25/20,0,SC,,,,,,,,
South Carolina,3/26/20,0.5,SC,,,,,,,,
South Carolina,3/27/20,0.5,SC,,,,,,,,
South Carolina,3/28/20,0.5,SC,,,,,,,,
South Carolina,3/29/20,0.5,SC,,,,,,,,
South Carolina,3/30/20,0.5,SC,,,,,,,,
South Carolina,3/31/20,0.5,SC,,,,,,,,
South Carolina,4/1/20,0.5,SC,,,,,,,,
South Carolina,4/2/20,0.5,SC,,,,,,,,
South Carolina,4/3/20,0.5,SC,,,,,,,,
South Carolina,4/4/20,0.5,SC,,,,,,,,
South Carolina,4/5/20,0.5,SC,,,,,,,,
South Carolina,4/6/20,0.5,SC,,,,,,,,
South Carolina,4/7/20,1,SC,,,,,,,,
South Carolina,4/21/20,0.55,SC,,,,,,,,
South Carolina,4/24/20,0.55,SC,,,,,,,,
South Carolina,4/25/20,0.55,SC,,,,,,,,
South Carolina,4/26/20,0.55,SC,,,,,,,,
South Carolina,4/27/20,0.55,SC,,,,,,,,
South Carolina,4/28/20,0.55,SC,,,,,,,,
South Carolina,4/29/20,0.55,SC,,,,,,,,
South Carolina,4/30/20,0.55,SC,,,,,,,,
South Carolina,5/1/20,0.55,SC,,,,,,,,
South Carolina,5/2/20,0.55,SC,,,,,,,,
South Carolina,5/3/20,0.55,SC,,,,,,,,
South Carolina,5/4/20,0.55,SC,,,,,,,,
Tennessee,3/19/20,0,TN,,,,,,,,
Tennessee,3/20/20,0,TN,,,,,,,,
Tennessee,3/21/20,0,TN,,,,,,,,
Tennessee,3/22/20,0,TN,,,,,,,,
Tennessee,3/23/20,0.5,TN,,,,,,,,
Tennessee,3/24/20,0.5,TN,,,,,,,,
Tennessee,3/25/20,0.5,TN,,,,,,,,
Tennessee,3/26/20,0.5,TN,,,,,,,,
Tennessee,3/27/20,0.5,TN,,,,,,,,
Tennessee,3/28/20,0.5,TN,,,,,,,,
Tennessee,3/29/20,0.5,TN,,,,,,,,
Tennessee,3/30/20,0.5,TN,,,,,,,,
Tennessee,3/31/20,0.5,TN,,,,,,,,
Tennessee,4/1/20,1,TN,,,,,,,,
Tennessee,4/2/20,1,TN,,,,,,,,
Tennessee,4/3/20,1,TN,,,,,,,,
Tennessee,4/4/20,1,TN,,,,,,,,
Tennessee,4/5/20,1,TN,,,,,,,,
Tennessee,4/6/20,1,TN,,,,,,,,
Tennessee,4/7/20,1,TN,,,,,,,,
Tennessee,4/21/20,1,TN,,,,,,,,
Tennessee,4/24/20,1,TN,,,,,,,,
Tennessee,4/25/20,1,TN,,,,,,,,
Tennessee,4/26/20,1,TN,,,,,,,,
Tennessee,4/27/20,0.75,TN,,,,,,,,
Tennessee,4/28/20,0.75,TN,,,,,,,,
Tennessee,4/29/20,0.75,TN,,,,,,,,
Tennessee,4/30/20,0.75,TN,,,,,,,,
Tennessee,5/1/20,0.55,TN,,,,,,,,
Tennessee,5/2/20,0.55,TN,,,,,,,,
Tennessee,5/3/20,0.55,TN,,,,,,,,
Tennessee,5/4/20,0.55,TN,,,,,,,,
Texas,3/19/20,0,TX,,,,,,,,
Texas,3/20/20,0,TX,,,,,,,,
Texas,3/21/20,0,TX,,,,,,,,
Texas,3/22/20,0,TX,,,,,,,,
Texas,3/23/20,0.5,TX,,,,,,,,
Texas,3/24/20,0.5,TX,,,,,,,,
Texas,3/25/20,0.5,TX,,,,,,,,
Texas,3/26/20,0.5,TX,,,,,,,,
Texas,3/27/20,0.5,TX,,,,,,,,
Texas,3/28/20,0.5,TX,,,,,,,,
Texas,3/29/20,0.5,TX,,,,,,,,
Texas,3/30/20,0.5,TX,,,,,,,,
Texas,3/31/20,0.5,TX,,,,,,,,
Texas,4/1/20,0.5,TX,,,,,,,,
Texas,4/2/20,1,TX,,,,,,,,
Texas,4/3/20,1,TX,,,,,,,,
Texas,4/4/20,1,TX,,,,,,,,
Texas,4/5/20,1,TX,,,,,,,,
Texas,4/6/20,1,TX,,,,,,,,
Texas,4/7/20,1,TX,,,,,,,,
Texas,4/21/20,1,TX,,,,,,,,
Texas,4/24/20,1,TX,,,,,,,,
Texas,4/25/20,1,TX,,,,,,,,
Texas,4/26/20,1,TX,,,,,,,,
Texas,4/27/20,1,TX,,,,,,,,
Texas,4/28/20,1,TX,,,,,,,,
Texas,4/29/20,1,TX,,,,,,,,
Texas,4/30/20,1,TX,,,,,,,,
Texas,5/1/20,0.55,TX,,,,,,,,
Texas,5/2/20,0.55,TX,,,,,,,,
Texas,5/3/20,0.55,TX,,,,,,,,
Texas,5/4/20,0.55,TX,,,,,,,,
Vermont,3/19/20,0,VT,,,,,,,,
Vermont,3/20/20,0,VT,,,,,,,,
Vermont,3/21/20,0,VT,,,,,,,,
Vermont,3/22/20,0,VT,,,,,,,,
Vermont,3/23/20,0,VT,,,,,,,,
Vermont,3/24/20,0,VT,,,,,,,,
Vermont,3/25/20,1,VT,,,,,,,,
Vermont,3/26/20,1,VT,,,,,,,,
Vermont,3/27/20,1,VT,,,,,,,,
Vermont,3/28/20,1,VT,,,,,,,,
Vermont,3/29/20,1,VT,,,,,,,,
Vermont,3/30/20,1,VT,,,,,,,,
Vermont,3/31/20,1,VT,,,,,,,,
Vermont,4/1/20,1,VT,,,,,,,,
Vermont,4/2/20,1,VT,,,,,,,,
Vermont,4/3/20,1,VT,,,,,,,,
Vermont,4/4/20,1,VT,,,,,,,,
Vermont,4/5/20,1,VT,,,,,,,,
Vermont,4/6/20,1,VT,,,,,,,,
Vermont,4/7/20,1,VT,,,,,,,,
Vermont,4/21/20,1,VT,,,,,,,,
Vermont,4/24/20,1,VT,,,,,,,,
Vermont,4/25/20,1,VT,,,,,,,,
Vermont,4/26/20,1,VT,,,,,,,,
Vermont,4/27/20,1,VT,,,,,,,,
Vermont,4/28/20,1,VT,,,,,,,,
Vermont,4/29/20,1,VT,,,,,,,,
Vermont,4/30/20,1,VT,,,,,,,,
Vermont,5/1/20,0.75,VT,,,,,,,,
Vermont,5/2/20,0.75,VT,,,,,,,,
Vermont,5/3/20,0.75,VT,,,,,,,,
Vermont,5/4/20,0.55,VT,,,,,,,,
Virginia,3/19/20,0,VA,,,,,,,,
Virginia,3/20/20,0,VA,,,,,,,,
Virginia,3/21/20,0,VA,,,,,,,,
Virginia,3/22/20,0,VA,,,,,,,,
Virginia,3/23/20,0,VA,,,,,,,,
Virginia,3/24/20,0,VA,,,,,,,,
Virginia,3/25/20,0,VA,,,,,,,,
Virginia,3/26/20,0,VA,,,,,,,,
Virginia,3/27/20,0,VA,,,,,,,,
Virginia,3/28/20,0,VA,,,,,,,,
Virginia,3/29/20,0,VA,,,,,,,,
Virginia,3/30/20,1,VA,,,,,,,,
Virginia,3/31/20,1,VA,,,,,,,,
Virginia,4/1/20,1,VA,,,,,,,,
Virginia,4/2/20,1,VA,,,,,,,,
Virginia,4/3/20,1,VA,,,,,,,,
Virginia,4/4/20,1,VA,,,,,,,,
Virginia,4/5/20,1,VA,,,,,,,,
Virginia,4/6/20,1,VA,,,,,,,,
Virginia,4/7/20,1,VA,,,,,,,,
Virginia,4/21/20,1,VA,,,,,,,,
Virginia,4/24/20,1,VA,,,,,,,,
Virginia,4/25/20,1,VA,,,,,,,,
Virginia,4/26/20,1,VA,,,,,,,,
Virginia,4/27/20,1,VA,,,,,,,,
Virginia,4/28/20,1,VA,,,,,,,,
Virginia,4/29/20,1,VA,,,,,,,,
Virginia,4/30/20,1,VA,,,,,,,,
Virginia,5/1/20,1,VA,,,,,,,,
Virginia,5/2/20,1,VA,,,,,,,,
Virginia,5/3/20,1,VA,,,,,,,,
Virginia,5/4/20,1,VA,,,,,,,,
Washington,3/19/20,0,WA,,,,,,,,
Washington,3/20/20,0,WA,,,,,,,,
Washington,3/21/20,0,WA,,,,,,,,
Washington,3/22/20,0,WA,,,,,,,,
Washington,3/23/20,1,WA,,,,,,,,
Washington,3/24/20,1,WA,,,,,,,,
Washington,3/25/20,1,WA,,,,,,,,
Washington,3/26/20,1,WA,,,,,,,,
Washington,3/27/20,1,WA,,,,,,,,
Washington,3/28/20,1,WA,,,,,,,,
Washington,3/29/20,1,WA,,,,,,,,
Washington,3/30/20,1,WA,,,,,,,,
Washington,3/31/20,1,WA,,,,,,,,
Washington,4/1/20,1,WA,,,,,,,,
Washington,4/2/20,1,WA,,,,,,,,
Washington,4/3/20,1,WA,,,,,,,,
Washington,4/4/20,1,WA,,,,,,,,
Washington,4/5/20,1,WA,,,,,,,,
Washington,4/6/20,1,WA,,,,,,,,
Washington,4/7/20,1,WA,,,,,,,,
Washington,4/21/20,1,WA,,,,,,,,
Washington,4/24/20,1,WA,,,,,,,,
Washington,4/25/20,1,WA,,,,,,,,
Washington,4/26/20,1,WA,,,,,,,,
Washington,4/27/20,1,WA,,,,,,,,
Washington,4/28/20,1,WA,,,,,,,,
Washington,4/29/20,1,WA,,,,,,,,
Washington,4/30/20,1,WA,,,,,,,,
Washington,5/1/20,1,WA,,,,,,,,
Washington,5/2/20,1,WA,,,,,,,,
Washington,5/3/20,1,WA,,,,,,,,
Washington,5/4/20,1,WA,,,,,,,,
West Virginia,3/19/20,0,WV,,,,,,,,
West Virginia,3/20/20,0,WV,,,,,,,,
West Virginia,3/21/20,0,WV,,,,,,,,
West Virginia,3/22/20,0,WV,,,,,,,,
West Virginia,3/23/20,0,WV,,,,,,,,
West Virginia,3/24/20,1,WV,,,,,,,,
West Virginia,3/25/20,1,WV,,,,,,,,
West Virginia,3/26/20,1,WV,,,,,,,,
West Virginia,3/27/20,1,WV,,,,,,,,
West Virginia,3/28/20,1,WV,,,,,,,,
West Virginia,3/29/20,1,WV,,,,,,,,
West Virginia,3/30/20,1,WV,,,,,,,,
West Virginia,3/31/20,1,WV,,,,,,,,
West Virginia,4/1/20,1,WV,,,,,,,,
West Virginia,4/2/20,1,WV,,,,,,,,
West Virginia,4/3/20,1,WV,,,,,,,,
West Virginia,4/4/20,1,WV,,,,,,,,
West Virginia,4/5/20,1,WV,,,,,,,,
West Virginia,4/6/20,1,WV,,,,,,,,
West Virginia,4/7/20,1,WV,,,,,,,,
West Virginia,4/21/20,1,WV,,,,,,,,
West Virginia,4/24/20,1,WV,,,,,,,,
West Virginia,4/25/20,1,WV,,,,,,,,
West Virginia,4/26/20,1,WV,,,,,,,,
West Virginia,4/27/20,1,WV,,,,,,,,
West Virginia,4/28/20,1,WV,,,,,,,,
West Virginia,4/29/20,1,WV,,,,,,,,
West Virginia,4/30/20,1,WV,,,,,,,,
West Virginia,5/1/20,1,WV,,,,,,,,
West Virginia,5/2/20,1,WV,,,,,,,,
West Virginia,5/3/20,1,WV,,,,,,,,
West Virginia,5/4/20,1,WV,,,,,,,,
Wisconsin,3/19/20,0,WI,,,,,,,,
Wisconsin,3/20/20,0,WI,,,,,,,,
Wisconsin,3/21/20,0,WI,,,,,,,,
Wisconsin,3/22/20,0,WI,,,,,,,,
Wisconsin,3/23/20,0,WI,,,,,,,,
Wisconsin,3/24/20,0,WI,,,,,,,,
Wisconsin,3/25/20,1,WI,,,,,,,,
Wisconsin,3/26/20,1,WI,,,,,,,,
Wisconsin,3/27/20,1,WI,,,,,,,,
Wisconsin,3/28/20,1,WI,,,,,,,,
Wisconsin,3/29/20,1,WI,,,,,,,,
Wisconsin,3/30/20,1,WI,,,,,,,,
Wisconsin,3/31/20,1,WI,,,,,,,,
Wisconsin,4/1/20,1,WI,,,,,,,,
Wisconsin,4/2/20,1,WI,,,,,,,,
Wisconsin,4/3/20,1,WI,,,,,,,,
Wisconsin,4/4/20,1,WI,,,,,,,,
Wisconsin,4/5/20,1,WI,,,,,,,,
Wisconsin,4/6/20,1,WI,,,,,,,,
Wisconsin,4/7/20,1,WI,,,,,,,,
Wisconsin,4/21/20,1,WI,,,,,,,,
Wisconsin,4/24/20,1,WI,,,,,,,,
Wisconsin,4/25/20,1,WI,,,,,,,,
Wisconsin,4/26/20,1,WI,,,,,,,,
Wisconsin,4/27/20,1,WI,,,,,,,,
Wisconsin,4/28/20,1,WI,,,,,,,,
Wisconsin,4/29/20,1,WI,,,,,,,,
Wisconsin,4/30/20,1,WI,,,,,,,,
Wisconsin,5/1/20,0.75,WI,,,,,,,,
Wisconsin,5/2/20,0.75,WI,,,,,,,,
Wisconsin,5/3/20,0.75,WI,,,,,,,,
Wisconsin,5/4/20,0.75,WI,,,,,,,,
Iowa,3/19/20,0,IA,,,,,,,,
Iowa,3/20/20,0,IA,,,,,,,,
Iowa,3/21/20,0,IA,,,,,,,,
Iowa,3/22/20,0,IA,,,,,,,,
Iowa,3/23/20,0,IA,,,,,,,,
Iowa,3/24/20,0,IA,,,,,,,,
Iowa,3/25/20,0,IA,,,,,,,,
Iowa,3/26/20,0,IA,,,,,,,,
Iowa,3/27/20,0,IA,,,,,,,,
Iowa,3/28/20,0,IA,,,,,,,,
Iowa,3/29/20,0,IA,,,,,,,,
Iowa,3/30/20,0,IA,,,,,,,,
Iowa,3/31/20,0,IA,,,,,,,,
Iowa,4/1/20,0,IA,,,,,,,,
Iowa,4/2/20,0,IA,,,,,,,,
Iowa,4/3/20,0,IA,,,,,,,,
Iowa,4/4/20,0,IA,,,,,,,,
Iowa,4/5/20,0,IA,,,,,,,,
Iowa,4/6/20,0,IA,,,,,,,,
Iowa,4/7/20,0,IA,,,,,,,,
Iowa,4/21/20,0.55,IA,,,,,,,,
Iowa,4/24/20,0.55,IA,,,,,,,,
Iowa,4/25/20,0.55,IA,,,,,,,,
Iowa,4/26/20,0.55,IA,,,,,,,,
Iowa,4/27/20,0.55,IA,,,,,,,,
Iowa,4/28/20,0.55,IA,,,,,,,,
Iowa,4/29/20,0.55,IA,,,,,,,,
Iowa,4/30/20,0.55,IA,,,,,,,,
Iowa,5/1/20,0.55,IA,,,,,,,,
Iowa,5/2/20,0.55,IA,,,,,,,,
Iowa,5/3/20,0.55,IA,,,,,,,,
Iowa,5/4/20,0.55,IA,,,,,,,,
Nebraska,3/19/20,0,NE,,,,,,,,
Nebraska,3/20/20,0,NE,,,,,,,,
Nebraska,3/21/20,0,NE,,,,,,,,
Nebraska,3/22/20,0,NE,,,,,,,,
Nebraska,3/23/20,0,NE,,,,,,,,
Nebraska,3/24/20,0,NE,,,,,,,,
Nebraska,3/25/20,0,NE,,,,,,,,
Nebraska,3/26/20,0,NE,,,,,,,,
Nebraska,3/27/20,0,NE,,,,,,,,
Nebraska,3/28/20,0,NE,,,,,,,,
Nebraska,3/29/20,0,NE,,,,,,,,
Nebraska,3/30/20,0,NE,,,,,,,,
Nebraska,3/31/20,0,NE,,,,,,,,
Nebraska,4/1/20,0,NE,,,,,,,,
Nebraska,4/2/20,0,NE,,,,,,,,
Nebraska,4/3/20,0,NE,,,,,,,,
Nebraska,4/4/20,0,NE,,,,,,,,
Nebraska,4/5/20,0,NE,,,,,,,,
Nebraska,4/6/20,0,NE,,,,,,,,
Nebraska,4/7/20,0,NE,,,,,,,,
Nebraska,4/21/20,0.55,NE,,,,,,,,
Nebraska,4/24/20,0.55,NE,,,,,,,,
Nebraska,4/25/20,0.55,NE,,,,,,,,
Nebraska,4/26/20,0.55,NE,,,,,,,,
Nebraska,4/27/20,0.55,NE,,,,,,,,
Nebraska,4/28/20,0.55,NE,,,,,,,,
Nebraska,4/29/20,0.55,NE,,,,,,,,
Nebraska,4/30/20,0.55,NE,,,,,,,,
Nebraska,5/1/20,0.55,NE,,,,,,,,
Nebraska,5/2/20,0.55,NE,,,,,,,,
Nebraska,5/3/20,0.55,NE,,,,,,,,
Nebraska,5/4/20,0.55,NE,,,,,,,,
North Dakota,3/19/20,0,ND,,,,,,,,
North Dakota,3/20/20,0,ND,,,,,,,,
North Dakota,3/21/20,0,ND,,,,,,,,
North Dakota,3/22/20,0,ND,,,,,,,,
North Dakota,3/23/20,0,ND,,,,,,,,
North Dakota,3/24/20,0,ND,,,,,,,,
North Dakota,3/25/20,0,ND,,,,,,,,
North Dakota,3/26/20,0,ND,,,,,,,,
North Dakota,3/27/20,0,ND,,,,,,,,
North Dakota,3/28/20,0,ND,,,,,,,,
North Dakota,3/29/20,0,ND,,,,,,,,
North Dakota,3/30/20,0,ND,,,,,,,,
North Dakota,3/31/20,0,ND,,,,,,,,
North Dakota,4/1/20,0,ND,,,,,,,,
North Dakota,4/2/20,0,ND,,,,,,,,
North Dakota,4/3/20,0,ND,,,,,,,,
North Dakota,4/4/20,0,ND,,,,,,,,
North Dakota,4/5/20,0,ND,,,,,,,,
North Dakota,4/6/20,0,ND,,,,,,,,
North Dakota,4/7/20,0,ND,,,,,,,,
North Dakota,4/21/20,0.55,ND,,,,,,,,
North Dakota,4/24/20,0.55,ND,,,,,,,,
North Dakota,4/25/20,0.55,ND,,,,,,,,
North Dakota,4/26/20,0.55,ND,,,,,,,,
North Dakota,4/27/20,0.55,ND,,,,,,,,
North Dakota,4/28/20,0.55,ND,,,,,,,,
North Dakota,4/29/20,0.55,ND,,,,,,,,
North Dakota,4/30/20,0.55,ND,,,,,,,,
North Dakota,5/1/20,0.55,ND,,,,,,,,
North Dakota,5/2/20,0.55,ND,,,,,,,,
North Dakota,5/3/20,0.55,ND,,,,,,,,
North Dakota,5/4/20,0.55,ND,,,,,,,,
Oklahoma,3/19/20,0,OK,,,,,,,,
Oklahoma,3/20/20,0,OK,,,,,,,,
Oklahoma,3/21/20,0,OK,,,,,,,,
Oklahoma,3/22/20,0,OK,,,,,,,,
Oklahoma,3/23/20,0,OK,,,,,,,,
Oklahoma,3/24/20,0,OK,,,,,,,,
Oklahoma,3/25/20,0.5,OK,,,,,,,,
Oklahoma,3/26/20,0.5,OK,,,,,,,,
Oklahoma,3/27/20,0.5,OK,,,,,,,,
Oklahoma,3/28/20,0.5,OK,,,,,,,,
Oklahoma,3/29/20,0.5,OK,,,,,,,,
Oklahoma,3/30/20,0.5,OK,,,,,,,,
Oklahoma,3/31/20,0.5,OK,,,,,,,,
Oklahoma,4/1/20,0.5,OK,,,,,,,,
Oklahoma,4/2/20,0.5,OK,,,,,,,,
Oklahoma,4/3/20,0.5,OK,,,,,,,,
Oklahoma,4/4/20,0.5,OK,,,,,,,,
Oklahoma,4/5/20,0.5,OK,,,,,,,,
Oklahoma,4/6/20,0.5,OK,,,,,,,,
Oklahoma,4/7/20,0.5,OK,,,,,,,,
Oklahoma,4/21/20,0.75,OK,,,,,,,,
Oklahoma,4/24/20,0.75,OK,,,,,,,,
Oklahoma,4/25/20,0.75,OK,,,,,,,,
Oklahoma,4/26/20,0.75,OK,,,,,,,,
Oklahoma,4/27/20,0.75,OK,,,,,,,,
Oklahoma,4/28/20,0.75,OK,,,,,,,,
Oklahoma,4/29/20,0.75,OK,,,,,,,,
Oklahoma,4/30/20,0.75,OK,,,,,,,,
Oklahoma,5/1/20,0.55,OK,,,,,,,,
Oklahoma,5/2/20,0.55,OK,,,,,,,,
Oklahoma,5/3/20,0.55,OK,,,,,,,,
Oklahoma,5/4/20,0.55,OK,,,,,,,,
South Dakota,3/19/20,0,SD,,,,,,,,
South Dakota,3/20/20,0,SD,,,,,,,,
South Dakota,3/21/20,0,SD,,,,,,,,
South Dakota,3/22/20,0,SD,,,,,,,,
South Dakota,3/23/20,0,SD,,,,,,,,
South Dakota,3/24/20,0,SD,,,,,,,,
South Dakota,3/25/20,0,SD,,,,,,,,
South Dakota,3/26/20,0,SD,,,,,,,,
South Dakota,3/27/20,0,SD,,,,,,,,
South Dakota,3/28/20,0,SD,,,,,,,,
South Dakota,3/29/20,0,SD,,,,,,,,
South Dakota,3/30/20,0,SD,,,,,,,,
South Dakota,3/31/20,0,SD,,,,,,,,
South Dakota,4/1/20,0,SD,,,,,,,,
South Dakota,4/2/20,0,SD,,,,,,,,
South Dakota,4/3/20,0,SD,,,,,,,,
South Dakota,4/4/20,0,SD,,,,,,,,
South Dakota,4/5/20,0,SD,,,,,,,,
South Dakota,4/6/20,0,SD,,,,,,,,
South Dakota,4/7/20,0,SD,,,,,,,,
South Dakota,4/21/20,0.55,SD,,,,,,,,
South Dakota,4/24/20,0.55,SD,,,,,,,,
South Dakota,4/25/20,0.55,SD,,,,,,,,
South Dakota,4/26/20,0.55,SD,,,,,,,,
South Dakota,4/27/20,0.55,SD,,,,,,,,
South Dakota,4/28/20,0.55,SD,,,,,,,,
South Dakota,4/29/20,0.55,SD,,,,,,,,
South Dakota,4/30/20,0.55,SD,,,,,,,,
South Dakota,5/1/20,0.55,SD,,,,,,,,
South Dakota,5/2/20,0.55,SD,,,,,,,,
South Dakota,5/3/20,0.55,SD,,,,,,,,
South Dakota,5/4/20,0.55,SD,,,,,,,,
Utah,3/19/20,0,UT,,,,,,,,
Utah,3/20/20,0,UT,,,,,,,,
Utah,3/21/20,0,UT,,,,,,,,
Utah,3/22/20,0,UT,,,,,,,,
Utah,3/23/20,0,UT,,,,,,,,
Utah,3/24/20,0,UT,,,,,,,,
Utah,3/25/20,0,UT,,,,,,,,
Utah,3/26/20,0,UT,,,,,,,,
Utah,3/27/20,0.5,UT,,,,,,,,
Utah,3/28/20,0.5,UT,,,,,,,,
Utah,3/29/20,0.5,UT,,,,,,,,
Utah,3/30/20,0.5,UT,,,,,,,,
Utah,3/31/20,0.5,UT,,,,,,,,
Utah,4/1/20,0.5,UT,,,,,,,,
Utah,4/2/20,0.5,UT,,,,,,,,
Utah,4/3/20,0.5,UT,,,,,,,,
Utah,4/4/20,0.5,UT,,,,,,,,
Utah,4/5/20,0.5,UT,,,,,,,,
Utah,4/6/20,0.5,UT,,,,,,,,
Utah,4/7/20,0.5,UT,,,,,,,,
Utah,4/21/20,0.75,UT,,,,,,,,
Utah,4/24/20,0.75,UT,,,,,,,,
Utah,4/25/20,0.75,UT,,,,,,,,
Utah,4/26/20,0.75,UT,,,,,,,,
Utah,4/27/20,0.75,UT,,,,,,,,
Utah,4/28/20,0.75,UT,,,,,,,,
Utah,4/29/20,0.75,UT,,,,,,,,
Utah,4/30/20,0.75,UT,,,,,,,,
Utah,5/1/20,0.55,UT,,,,,,,,
Utah,5/2/20,0.55,UT,,,,,,,,
Utah,5/3/20,0.55,UT,,,,,,,,
Utah,5/4/20,0.55,UT,,,,,,,,
Wyoming,3/19/20,0,WY,,,,,,,,
Wyoming,3/20/20,0,WY,,,,,,,,
Wyoming,3/21/20,0,WY,,,,,,,,
Wyoming,3/22/20,0,WY,,,,,,,,
Wyoming,3/23/20,0,WY,,,,,,,,
Wyoming,3/24/20,0,WY,,,,,,,,
Wyoming,3/25/20,0,WY,,,,,,,,
Wyoming,3/26/20,0,WY,,,,,,,,
Wyoming,3/27/20,0,WY,,,,,,,,
Wyoming,3/28/20,0.5,WY,,,,,,,,
Wyoming,3/29/20,0.5,WY,,,,,,,,
Wyoming,3/30/20,0.5,WY,,,,,,,,
Wyoming,3/31/20,0.5,WY,,,,,,,,
Wyoming,4/1/20,0.5,WY,,,,,,,,
Wyoming,4/2/20,0.5,WY,,,,,,,,
Wyoming,4/3/20,0.5,WY,,,,,,,,
Wyoming,4/4/20,0.5,WY,,,,,,,,
Wyoming,4/5/20,0.5,WY,,,,,,,,
Wyoming,4/6/20,0.5,WY,,,,,,,,
Wyoming,4/7/20,0.5,WY,,,,,,,,
Wyoming,4/21/20,0.75,WY,,,,,,,,
Wyoming,4/24/20,0.75,WY,,,,,,,,
Wyoming,4/25/20,0.75,WY,,,,,,,,
Wyoming,4/26/20,0.75,WY,,,,,,,,
Wyoming,4/27/20,0.75,WY,,,,,,,,
Wyoming,4/28/20,0.75,WY,,,,,,,,
Wyoming,4/29/20,0.75,WY,,,,,,,,
Wyoming,4/30/20,0.75,WY,,,,,,,,
Wyoming,5/1/20,0.55,WY,,,,,,,,
Wyoming,5/2/20,0.55,WY,,,,,,,,
Wyoming,5/3/20,0.55,WY,,,,,,,,
Wyoming,5/4/20,0.55,WY,,,,,,,,